{"cameraMode":{"drawMode":0,"name":"Shaded","section":"Shading Mode"},"sceneLighting":false,"audioPlay":false,"sceneViewState":{"m_AlwaysRefresh":false,"showFog":true,"showSkybox":false,"showFlares":true,"showImageEffects":true,"showParticleSystems":true,"showVisualEffectGraphs":true,"m_FxEnabled":true},"in2DMode":false,"pivot":{"x":-0.8059984445571899,"y":0.4766636788845062,"z":0.8406872749328613},"rotation":{"x":-0.009951223619282246,"y":-0.9441390633583069,"z":0.02862498164176941,"w":-0.3281708061695099},"size":0.17349058389663697,"orthographic":false}