{"cameraMode":{"drawMode":0,"name":"Shaded","section":"Shading Mode"},"sceneLighting":false,"audioPlay":false,"sceneViewState":{"m_AlwaysRefresh":false,"showFog":true,"showSkybox":false,"showFlares":true,"showImageEffects":true,"showParticleSystems":true,"showVisualEffectGraphs":true,"m_FxEnabled":true},"in2DMode":false,"pivot":{"x":-0.16325192153453828,"y":-0.5197851657867432,"z":-0.0010764888720586897},"rotation":{"x":0.03390118479728699,"y":-0.9663193225860596,"z":0.17427000403404237,"w":0.1863725185394287},"size":2.1073949337005617,"orthographic":false}