{"cameraMode":{"drawMode":0,"name":"Shaded","section":"Shading Mode"},"sceneLighting":false,"audioPlay":false,"sceneViewState":{"m_AlwaysRefresh":false,"showFog":true,"showSkybox":false,"showFlares":true,"showImageEffects":true,"showParticleSystems":true,"showVisualEffectGraphs":true,"m_FxEnabled":true},"in2DMode":false,"pivot":{"x":-0.1787644326686859,"y":0.6323591470718384,"z":0.005353182554244995},"rotation":{"x":0.1715579330921173,"y":-0.03161923587322235,"z":0.005509127862751484,"w":0.9846524596214294},"size":1.006955623626709,"orthographic":true}